Czech_000003.jpg,
Czech_000005.jpg,
Czech_000008.jpg,
Czech_000023.jpg,1 328 456 372 538 
Czech_000029.jpg,
Czech_000036.jpg,3 497 453 593 536 
Czech_000046.jpg,
Czech_000049.jpg,
Czech_000052.jpg,1 348 476 374 523 
Czech_000074.jpg,
Czech_000089.jpg,
Czech_000129.jpg,
Czech_000134.jpg,1 268 480 304 529 
Czech_000136.jpg,
Czech_000151.jpg,
Czech_000156.jpg,
Czech_000168.jpg,
Czech_000185.jpg,
Czech_000187.jpg,
Czech_000223.jpg,
Czech_000228.jpg,
Czech_000232.jpg,4 264 365 303 403 
Czech_000237.jpg,
Czech_000264.jpg,
Czech_000265.jpg,
Czech_000266.jpg,
Czech_000288.jpg,
Czech_000304.jpg,
Czech_000316.jpg,
Czech_000321.jpg,
Czech_000323.jpg,
Czech_000324.jpg,
Czech_000362.jpg,
Czech_000374.jpg,
Czech_000376.jpg,1 315 437 385 527 
Czech_000377.jpg,
Czech_000379.jpg,
Czech_000380.jpg,
Czech_000391.jpg,
Czech_000404.jpg,
Czech_000412.jpg,
Czech_000413.jpg,
Czech_000415.jpg,
Czech_000435.jpg,
Czech_000461.jpg,
Czech_000473.jpg,
Czech_000475.jpg,
Czech_000477.jpg,
Czech_000496.jpg,
Czech_000503.jpg,
Czech_000507.jpg,
Czech_000516.jpg,
Czech_000540.jpg,
Czech_000542.jpg,
Czech_000549.jpg,2 73 437 435 475 
Czech_000563.jpg,
Czech_000564.jpg,
Czech_000565.jpg,
Czech_000566.jpg,
Czech_000583.jpg,
Czech_000585.jpg,1 549 477 600 542 
Czech_000589.jpg,
Czech_000590.jpg,
Czech_000610.jpg,
Czech_000630.jpg,
Czech_000639.jpg,
Czech_000661.jpg,
Czech_000664.jpg,
Czech_000683.jpg,
Czech_000705.jpg,
Czech_000722.jpg,
Czech_000723.jpg,
Czech_000736.jpg,
Czech_000741.jpg,
Czech_000772.jpg,4 345 442 403 482 
Czech_000777.jpg,
Czech_000785.jpg,
Czech_000804.jpg,
Czech_000813.jpg,
Czech_000821.jpg,
Czech_000824.jpg,
Czech_000828.jpg,
Czech_000833.jpg,
Czech_000835.jpg,
Czech_000840.jpg,
Czech_000851.jpg,
Czech_000855.jpg,
Czech_000859.jpg,
Czech_000860.jpg,
Czech_000864.jpg,
Czech_000878.jpg,
Czech_000896.jpg,
Czech_000913.jpg,
Czech_000916.jpg,
Czech_000930.jpg,
Czech_000938.jpg,
Czech_000944.jpg,
Czech_000952.jpg,
Czech_000961.jpg,
Czech_000981.jpg,
Czech_000983.jpg,
Czech_000999.jpg,
Czech_001007.jpg,
Czech_001009.jpg,
Czech_001061.jpg,
Czech_001064.jpg,
Czech_001076.jpg,
Czech_001077.jpg,
Czech_001078.jpg,
Czech_001080.jpg,
Czech_001081.jpg,
Czech_001091.jpg,
Czech_001103.jpg,
Czech_001118.jpg,
Czech_001119.jpg,
Czech_001125.jpg,
Czech_001127.jpg,
Czech_001132.jpg,
Czech_001162.jpg,
Czech_001175.jpg,
Czech_001180.jpg,4 129 425 178 447 
Czech_001188.jpg,
Czech_001191.jpg,
Czech_001195.jpg,
Czech_001207.jpg,
Czech_001208.jpg,
Czech_001223.jpg,
Czech_001235.jpg,
Czech_001239.jpg,
Czech_001244.jpg,
Czech_001249.jpg,1 299 414 358 528 
Czech_001250.jpg,
Czech_001254.jpg,
Czech_001255.jpg,
Czech_001257.jpg,4 540 469 594 495 
Czech_001263.jpg,
Czech_001269.jpg,
Czech_001271.jpg,
Czech_001304.jpg,
Czech_001309.jpg,
Czech_001310.jpg,
Czech_001321.jpg,
Czech_001324.jpg,
Czech_001328.jpg,
Czech_001331.jpg,
Czech_001335.jpg,
Czech_001349.jpg,
Czech_001351.jpg,3 512 461 600 572 
Czech_001371.jpg,
Czech_001378.jpg,
Czech_001392.jpg,
Czech_001401.jpg,
Czech_001402.jpg,
Czech_001416.jpg,
Czech_001421.jpg,
Czech_001438.jpg,
Czech_001447.jpg,
Czech_001450.jpg,
Czech_001469.jpg,
Czech_001473.jpg,
Czech_001481.jpg,
Czech_001482.jpg,
Czech_001487.jpg,
Czech_001527.jpg,
Czech_001540.jpg,
Czech_001541.jpg,2 1 417 172 463 
Czech_001549.jpg,
Czech_001550.jpg,
Czech_001568.jpg,
Czech_001572.jpg,
Czech_001576.jpg,
Czech_001577.jpg,
Czech_001580.jpg,
Czech_001584.jpg,
Czech_001598.jpg,
Czech_001602.jpg,
Czech_001613.jpg,
Czech_001628.jpg,1 237 476 275 525 
Czech_001643.jpg,
Czech_001661.jpg,
Czech_001665.jpg,
Czech_001672.jpg,
Czech_001681.jpg,
Czech_001693.jpg,
Czech_001710.jpg,
Czech_001714.jpg,
Czech_001723.jpg,
Czech_001725.jpg,
Czech_001728.jpg,
Czech_001737.jpg,
Czech_001763.jpg,
Czech_001764.jpg,
Czech_001796.jpg,
Czech_001806.jpg,
Czech_001807.jpg,
Czech_001838.jpg,
Czech_001840.jpg,
Czech_001841.jpg,
Czech_001848.jpg,
Czech_001870.jpg,
Czech_001892.jpg,
Czech_001897.jpg,
Czech_001906.jpg,
Czech_001907.jpg,2 111 441 471 482 
Czech_001913.jpg,
Czech_001925.jpg,
Czech_001931.jpg,
Czech_001961.jpg,
Czech_001976.jpg,
Czech_001981.jpg,
Czech_001984.jpg,
Czech_001985.jpg,
Czech_001991.jpg,
Czech_001994.jpg,
Czech_002002.jpg,
Czech_002015.jpg,
Czech_002017.jpg,
Czech_002020.jpg,
Czech_002036.jpg,
Czech_002039.jpg,
Czech_002053.jpg,
Czech_002065.jpg,
Czech_002089.jpg,
Czech_002090.jpg,
Czech_002094.jpg,
Czech_002108.jpg,
Czech_002111.jpg,
Czech_002139.jpg,
Czech_002162.jpg,
Czech_002172.jpg,
Czech_002174.jpg,
Czech_002187.jpg,
Czech_002191.jpg,
Czech_002192.jpg,
Czech_002200.jpg,1 290 418 335 501 
Czech_002206.jpg,1 236 390 272 464 1 319 433 369 517 
Czech_002228.jpg,
Czech_002234.jpg,
Czech_002239.jpg,
Czech_002257.jpg,1 305 411 368 524 
Czech_002274.jpg,1 349 431 419 530 
Czech_002278.jpg,
Czech_002291.jpg,
Czech_002293.jpg,
Czech_002299.jpg,
Czech_002312.jpg,1 140 469 174 524 
Czech_002316.jpg,
Czech_002329.jpg,
Czech_002335.jpg,
Czech_002359.jpg,
Czech_002363.jpg,
Czech_002386.jpg,
Czech_002394.jpg,
Czech_002417.jpg,1 152 448 214 520 
Czech_002418.jpg,
Czech_002435.jpg,
Czech_002440.jpg,
Czech_002441.jpg,
Czech_002443.jpg,
Czech_002455.jpg,1 409 433 444 520 
Czech_002492.jpg,
Czech_002499.jpg,
Czech_002521.jpg,
Czech_002534.jpg,2 129 472 329 503 
Czech_002545.jpg,
Czech_002552.jpg,
Czech_002570.jpg,
Czech_002583.jpg,
Czech_002586.jpg,
Czech_002596.jpg,
Czech_002616.jpg,
Czech_002631.jpg,
Czech_002639.jpg,
Czech_002655.jpg,
Czech_002657.jpg,
Czech_002664.jpg,
Czech_002667.jpg,1 244 429 269 523 
Czech_002675.jpg,
Czech_002687.jpg,
Czech_002688.jpg,
Czech_002711.jpg,
Czech_002730.jpg,
Czech_002736.jpg,
Czech_002757.jpg,
Czech_002761.jpg,
Czech_002762.jpg,
Czech_002763.jpg,2 366 477 566 529 
Czech_002764.jpg,
Czech_002767.jpg,
Czech_002776.jpg,
Czech_002777.jpg,
Czech_002779.jpg,
Czech_002787.jpg,
Czech_002791.jpg,1 286 461 310 520 
Czech_002799.jpg,
Czech_002805.jpg,
Czech_002812.jpg,
Czech_002817.jpg,
Czech_002820.jpg,
Czech_002851.jpg,
Czech_002869.jpg,
Czech_002876.jpg,
Czech_002880.jpg,
Czech_002884.jpg,
Czech_002887.jpg,
Czech_002888.jpg,
Czech_002919.jpg,1 305 401 339 464 
Czech_002934.jpg,
Czech_002955.jpg,
Czech_002969.jpg,
Czech_002971.jpg,
Czech_002985.jpg,
Czech_002987.jpg,
Czech_002990.jpg,
Czech_003004.jpg,
Czech_003014.jpg,
Czech_003021.jpg,
Czech_003026.jpg,
Czech_003031.jpg,
Czech_003040.jpg,
Czech_003046.jpg,
Czech_003057.jpg,
Czech_003060.jpg,
Czech_003062.jpg,
Czech_003132.jpg,
Czech_003140.jpg,
Czech_003193.jpg,
Czech_003222.jpg,
Czech_003248.jpg,
Czech_003253.jpg,
Czech_003263.jpg,
Czech_003272.jpg,
Czech_003273.jpg,
Czech_003274.jpg,
Czech_003293.jpg,
Czech_003296.jpg,3 244 444 406 534 
Czech_003307.jpg,
Czech_003313.jpg,
Czech_003375.jpg,
Czech_003392.jpg,
Czech_003403.jpg,
Czech_003411.jpg,
Czech_003425.jpg,
Czech_003426.jpg,
Czech_003427.jpg,
Czech_003431.jpg,
Czech_003432.jpg,1 259 428 284 515 
Czech_003440.jpg,
Czech_003463.jpg,
Czech_003468.jpg,
Czech_003480.jpg,
Czech_003484.jpg,
Czech_003504.jpg,
Czech_003517.jpg,
Czech_003520.jpg,
Czech_003527.jpg,
Czech_003529.jpg,
Czech_003553.jpg,
Czech_003568.jpg,
Czech_003588.jpg,
India_000004.jpg,
India_000008.jpg,3 506 562 704 716 
India_000013.jpg,
India_000020.jpg,
India_000033.jpg,
India_000034.jpg,
India_000045.jpg,
India_000056.jpg,
India_000058.jpg,
India_000062.jpg,
India_000068.jpg,
India_000070.jpg,
India_000091.jpg,3 550 507 720 692 
India_000094.jpg,
India_000137.jpg,
India_000143.jpg,
India_000161.jpg,
India_000176.jpg,
India_000181.jpg,
India_000183.jpg,
India_000185.jpg,
India_000212.jpg,
India_000215.jpg,
India_000216.jpg,
India_000220.jpg,
India_000231.jpg,
India_000266.jpg,
India_000277.jpg,
India_000284.jpg,
India_000296.jpg,
India_000307.jpg,
India_000322.jpg,
India_000324.jpg,
India_000328.jpg,1 499 592 564 688 
India_000331.jpg,4 375 420 457 464 
India_000342.jpg,
India_000357.jpg,
India_000360.jpg,
India_000364.jpg,
India_000374.jpg,
India_000381.jpg,
India_000388.jpg,
India_000396.jpg,
India_000401.jpg,
India_000404.jpg,
India_000422.jpg,
India_000450.jpg,
India_000458.jpg,
India_000463.jpg,1 101 436 270 718 
India_000468.jpg,
India_000469.jpg,
India_000505.jpg,
India_000515.jpg,
India_000520.jpg,
India_000523.jpg,
India_000539.jpg,
India_000541.jpg,
India_000547.jpg,
India_000550.jpg,
India_000583.jpg,
India_000607.jpg,
India_000613.jpg,
India_000623.jpg,
India_000629.jpg,
India_000634.jpg,
India_000640.jpg,
India_000658.jpg,
India_000673.jpg,
India_000687.jpg,
India_000689.jpg,
India_000695.jpg,
India_000708.jpg,
India_000713.jpg,
India_000717.jpg,
India_000720.jpg,4 449 628 502 662 4 448 627 500 660 
India_000752.jpg,
India_000767.jpg,
India_000774.jpg,
India_000777.jpg,
India_000792.jpg,
India_000795.jpg,1 535 453 640 585 1 535 453 639 584 1 535 453 638 585 1 536 454 640 584 1 536 454 640 584 
India_000807.jpg,
India_000809.jpg,
India_000818.jpg,
India_000829.jpg,
India_000834.jpg,
India_000841.jpg,
India_000845.jpg,
India_000854.jpg,
India_000868.jpg,
India_000871.jpg,
India_000876.jpg,
India_000878.jpg,3 0 515 629 698 
India_000883.jpg,
India_000897.jpg,
India_000900.jpg,
India_000902.jpg,
India_000918.jpg,1 91 590 234 710 
India_000929.jpg,
India_000943.jpg,
India_000950.jpg,
India_000967.jpg,
India_000968.jpg,1 463 594 501 665 1 461 589 502 665 
India_000980.jpg,
India_000983.jpg,
India_000989.jpg,
India_001022.jpg,
India_001024.jpg,
India_001031.jpg,
India_001034.jpg,
India_001039.jpg,
India_001062.jpg,
India_001106.jpg,
India_001109.jpg,
India_001127.jpg,
India_001128.jpg,
India_001152.jpg,
India_001169.jpg,
India_001170.jpg,
India_001172.jpg,
India_001177.jpg,
India_001178.jpg,
India_001184.jpg,
India_001197.jpg,4 366 478 411 500 
India_001205.jpg,
India_001206.jpg,
India_001214.jpg,
India_001215.jpg,
India_001216.jpg,
India_001223.jpg,
India_001233.jpg,
India_001237.jpg,
India_001256.jpg,
India_001274.jpg,
India_001283.jpg,
India_001285.jpg,
India_001300.jpg,
India_001312.jpg,
India_001323.jpg,
India_001332.jpg,
India_001343.jpg,
India_001347.jpg,
India_001354.jpg,
India_001356.jpg,
India_001399.jpg,
India_001406.jpg,
India_001412.jpg,
India_001416.jpg,
India_001417.jpg,
India_001425.jpg,
India_001434.jpg,
India_001438.jpg,
India_001444.jpg,
India_001447.jpg,1 467 467 502 602 
India_001462.jpg,
India_001469.jpg,
India_001483.jpg,
India_001500.jpg,
India_001501.jpg,4 437 537 507 568 4 575 538 637 574 
India_001515.jpg,
India_001519.jpg,
India_001520.jpg,
India_001522.jpg,
India_001523.jpg,
India_001530.jpg,
India_001538.jpg,
India_001540.jpg,
India_001543.jpg,
India_001554.jpg,
India_001568.jpg,
India_001613.jpg,
India_001614.jpg,
India_001615.jpg,4 652 582 720 646 
India_001624.jpg,
India_001628.jpg,
India_001638.jpg,
India_001643.jpg,
India_001674.jpg,
India_001705.jpg,
India_001707.jpg,1 535 471 628 577 1 469 399 520 457 
India_001710.jpg,
India_001718.jpg,
India_001725.jpg,
India_001738.jpg,
India_001754.jpg,
India_001758.jpg,
India_001762.jpg,3 0 435 637 612 
India_001770.jpg,
India_001781.jpg,
India_001790.jpg,4 290 408 336 433 
India_001796.jpg,
India_001797.jpg,
India_001805.jpg,1 453 570 492 652 1 449 546 492 649 
India_001818.jpg,
India_001825.jpg,
India_001828.jpg,
India_001862.jpg,
India_001885.jpg,
India_001891.jpg,
India_001899.jpg,
India_001901.jpg,
India_001921.jpg,
India_001926.jpg,
India_001931.jpg,
India_001938.jpg,
India_001947.jpg,
India_001951.jpg,
India_001961.jpg,
India_001968.jpg,
India_001973.jpg,
India_001991.jpg,
India_001997.jpg,
India_002019.jpg,
India_002036.jpg,
India_002042.jpg,
India_002054.jpg,4 444 529 477 557 
India_002055.jpg,4 658 540 719 620 4 659 543 719 621 
India_002073.jpg,
India_002083.jpg,
India_002091.jpg,
India_002116.jpg,
India_002120.jpg,
India_002123.jpg,4 601 274 720 349 
India_002151.jpg,
India_002158.jpg,1 397 505 429 566 1 397 504 429 564 
India_002159.jpg,
India_002181.jpg,
India_002185.jpg,
India_002190.jpg,
India_002193.jpg,
India_002195.jpg,
India_002202.jpg,
India_002232.jpg,4 436 472 509 508 
India_002241.jpg,
India_002243.jpg,
India_002257.jpg,
India_002259.jpg,
India_002260.jpg,
India_002276.jpg,
India_002291.jpg,
India_002302.jpg,
India_002313.jpg,
India_002314.jpg,
India_002367.jpg,4 520 412 610 445 
India_002375.jpg,
India_002403.jpg,
India_002422.jpg,
India_002423.jpg,
India_002424.jpg,
India_002427.jpg,
India_002430.jpg,
India_002441.jpg,
India_002444.jpg,
India_002458.jpg,
India_002460.jpg,
India_002477.jpg,
India_002479.jpg,
India_002489.jpg,1 377 510 419 626 
India_002491.jpg,
India_002495.jpg,
India_002511.jpg,1 292 392 399 569 
India_002529.jpg,
India_002531.jpg,3 332 510 588 672 
India_002545.jpg,
India_002561.jpg,1 428 499 497 681 1 436 564 483 682 
India_002571.jpg,
India_002577.jpg,
India_002584.jpg,
India_002626.jpg,
India_002630.jpg,
India_002633.jpg,
India_002634.jpg,
India_002649.jpg,
India_002650.jpg,
India_002651.jpg,
India_002660.jpg,
India_002669.jpg,
India_002682.jpg,
India_002683.jpg,
India_002684.jpg,
India_002691.jpg,
India_002701.jpg,
India_002709.jpg,
India_002715.jpg,4 381 512 420 548 
India_002721.jpg,
India_002731.jpg,
India_002740.jpg,
India_002744.jpg,
India_002760.jpg,
India_002773.jpg,
India_002778.jpg,
India_002783.jpg,
India_002791.jpg,
India_002794.jpg,
India_002805.jpg,
India_002807.jpg,4 413 376 453 412 
India_002809.jpg,
India_002826.jpg,
India_002831.jpg,
India_002833.jpg,
India_002857.jpg,
India_002861.jpg,
India_002872.jpg,
India_002874.jpg,
India_002887.jpg,
India_002897.jpg,
India_002902.jpg,
India_002908.jpg,3 370 484 720 683 
India_002918.jpg,1 295 566 360 710 
India_002927.jpg,
India_002933.jpg,
India_002951.jpg,
India_002996.jpg,
India_002999.jpg,4 355 440 410 470 
India_003003.jpg,
India_003008.jpg,
India_003022.jpg,
India_003024.jpg,
India_003037.jpg,
India_003040.jpg,
India_003050.jpg,
India_003061.jpg,
India_003095.jpg,
India_003099.jpg,
India_003104.jpg,
India_003108.jpg,
India_003109.jpg,
India_003132.jpg,
India_003157.jpg,
India_003202.jpg,
India_003206.jpg,
India_003209.jpg,
India_003222.jpg,
India_003223.jpg,
India_003227.jpg,
India_003229.jpg,
India_003238.jpg,
India_003255.jpg,
India_003271.jpg,3 325 638 398 720 3 334 636 398 720 1 333 638 399 720 4 419 492 501 547 
India_003277.jpg,1 573 529 647 608 
India_003308.jpg,
India_003325.jpg,
India_003332.jpg,
India_003333.jpg,
India_003335.jpg,
India_003350.jpg,
India_003355.jpg,
India_003357.jpg,
India_003369.jpg,
India_003371.jpg,
India_003380.jpg,
India_003396.jpg,
India_003439.jpg,
India_003440.jpg,1 643 519 720 682 
India_003441.jpg,
India_003450.jpg,
India_003476.jpg,
India_003497.jpg,
India_003504.jpg,
India_003510.jpg,
India_003511.jpg,4 358 656 394 685 4 360 656 396 686 
India_003531.jpg,
India_003544.jpg,
India_003549.jpg,
India_003555.jpg,
India_003562.jpg,
India_003563.jpg,
India_003574.jpg,
India_003582.jpg,
India_003584.jpg,
India_003620.jpg,
India_003630.jpg,
India_003650.jpg,
India_003657.jpg,
India_003664.jpg,
India_003675.jpg,
India_003685.jpg,
India_003689.jpg,
India_003694.jpg,
India_003707.jpg,
India_003725.jpg,
India_003729.jpg,
India_003730.jpg,
India_003735.jpg,4 591 468 661 505 4 592 471 661 506 
India_003737.jpg,
India_003762.jpg,
India_003790.jpg,
India_003803.jpg,
India_003804.jpg,
India_003818.jpg,
India_003819.jpg,
India_003821.jpg,4 350 436 391 459 4 348 433 391 458 4 348 434 390 458 
India_003851.jpg,
India_003894.jpg,
India_003895.jpg,
India_003896.jpg,1 11 472 306 710 
India_003906.jpg,
India_003910.jpg,4 419 425 459 449 
India_003912.jpg,
India_003915.jpg,
India_003932.jpg,
India_003933.jpg,
India_003955.jpg,
India_003956.jpg,
India_003982.jpg,
India_003984.jpg,
India_003988.jpg,4 471 444 559 477 4 472 446 558 478 
India_004012.jpg,
India_004026.jpg,
India_004049.jpg,
India_004055.jpg,
India_004056.jpg,
India_004059.jpg,
India_004072.jpg,
India_004083.jpg,
India_004085.jpg,
India_004094.jpg,
India_004098.jpg,
India_004111.jpg,
India_004140.jpg,
India_004159.jpg,
India_004186.jpg,4 374 484 435 576 
India_004203.jpg,
India_004206.jpg,
India_004207.jpg,
India_004214.jpg,
India_004216.jpg,
India_004281.jpg,
India_004287.jpg,
India_004296.jpg,
India_004301.jpg,
India_004317.jpg,
India_004323.jpg,
India_004325.jpg,1 357 509 454 665 1 357 508 453 665 
India_004335.jpg,
India_004336.jpg,
India_004350.jpg,
India_004360.jpg,
India_004378.jpg,
India_004379.jpg,
India_004384.jpg,
India_004391.jpg,
India_004400.jpg,4 413 464 447 488 4 412 464 446 489 
India_004401.jpg,
India_004404.jpg,
India_004418.jpg,
India_004420.jpg,
India_004432.jpg,1 512 566 556 648 4 523 530 573 560 
India_004435.jpg,
India_004440.jpg,
India_004442.jpg,
India_004474.jpg,
India_004475.jpg,
India_004493.jpg,
India_004496.jpg,
India_004529.jpg,
India_004538.jpg,
India_004539.jpg,
India_004546.jpg,
India_004576.jpg,
India_004582.jpg,
India_004590.jpg,
India_004591.jpg,
India_004596.jpg,
India_004609.jpg,
India_004615.jpg,
India_004617.jpg,
India_004624.jpg,
India_004643.jpg,
India_004645.jpg,
India_004660.jpg,
India_004662.jpg,
India_004668.jpg,
India_004673.jpg,
India_004707.jpg,
India_004728.jpg,
India_004752.jpg,3 275 525 705 673 
India_004754.jpg,4 410 483 476 512 
India_004757.jpg,
India_004774.jpg,
India_004776.jpg,
India_004783.jpg,1 285 533 318 573 
India_004787.jpg,
India_004794.jpg,
India_004804.jpg,
India_004813.jpg,4 456 396 531 422 4 453 395 532 422 
India_004818.jpg,
India_004839.jpg,
India_004843.jpg,
India_004849.jpg,
India_004859.jpg,
India_004860.jpg,4 403 474 444 490 
India_004861.jpg,
India_004869.jpg,
India_004873.jpg,
India_004875.jpg,
India_004884.jpg,
India_004888.jpg,
India_004889.jpg,
India_004903.jpg,
India_004909.jpg,
India_004923.jpg,
India_004927.jpg,
India_004950.jpg,
India_004951.jpg,
India_004953.jpg,
India_004962.jpg,
India_004974.jpg,
India_004976.jpg,
India_004985.jpg,
India_004996.jpg,
India_005000.jpg,
India_005004.jpg,
India_005013.jpg,
India_005027.jpg,
India_005042.jpg,
India_005052.jpg,4 344 456 417 544 
India_005064.jpg,
India_005068.jpg,
India_005074.jpg,
India_005109.jpg,
India_005110.jpg,
India_005113.jpg,
India_005119.jpg,
India_005131.jpg,
India_005140.jpg,
India_005145.jpg,
India_005154.jpg,
India_005182.jpg,
India_005192.jpg,
India_005196.jpg,
India_005202.jpg,4 594 501 672 555 
India_005205.jpg,
India_005207.jpg,
India_005221.jpg,
India_005224.jpg,
India_005229.jpg,
India_005237.jpg,
India_005250.jpg,
India_005251.jpg,
India_005265.jpg,
India_005268.jpg,
India_005275.jpg,
India_005281.jpg,
India_005292.jpg,
India_005312.jpg,
India_005313.jpg,
India_005325.jpg,
India_005342.jpg,
India_005349.jpg,
India_005385.jpg,
India_005386.jpg,
India_005390.jpg,1 367 558 455 695 
India_005407.jpg,
India_005418.jpg,
India_005425.jpg,
India_005459.jpg,
India_005464.jpg,
India_005482.jpg,
India_005498.jpg,
India_005511.jpg,
India_005517.jpg,
India_005532.jpg,
India_005536.jpg,
India_005538.jpg,
India_005551.jpg,
India_005553.jpg,
India_005570.jpg,
India_005571.jpg,
India_005572.jpg,
India_005577.jpg,
India_005584.jpg,
India_005587.jpg,3 2 559 324 719 
India_005599.jpg,
India_005602.jpg,
India_005629.jpg,
India_005631.jpg,
India_005667.jpg,
India_005691.jpg,
India_005703.jpg,
India_005705.jpg,1 591 560 689 667 1 591 558 686 664 
India_005708.jpg,
India_005718.jpg,
India_005719.jpg,4 380 516 438 577 4 375 514 435 575 
India_005723.jpg,3 328 528 516 640 
India_005735.jpg,
India_005738.jpg,1 283 461 343 526 
India_005739.jpg,
India_005741.jpg,
India_005786.jpg,
India_005791.jpg,
India_005795.jpg,
India_005808.jpg,
India_005819.jpg,
India_005827.jpg,
India_005858.jpg,
India_005885.jpg,
India_005888.jpg,
India_005904.jpg,4 294 407 373 439 
India_005915.jpg,
India_005924.jpg,
India_005925.jpg,
India_005946.jpg,
India_006015.jpg,1 406 471 460 625 
India_006016.jpg,
India_006051.jpg,
India_006082.jpg,
India_006083.jpg,
India_006107.jpg,
India_006123.jpg,4 408 629 483 670 
India_006135.jpg,
India_006140.jpg,
India_006147.jpg,
India_006158.jpg,
India_006184.jpg,4 16 619 70 653 
India_006191.jpg,
India_006203.jpg,
India_006207.jpg,
India_006209.jpg,
India_006225.jpg,
India_006226.jpg,1 339 534 406 669 1 341 526 407 662 1 341 526 407 662 4 342 531 411 665 4 340 530 407 665 4 340 530 407 665 4 340 530 407 667 1 343 528 407 665 1 343 528 408 667 
India_006235.jpg,
India_006264.jpg,
India_006276.jpg,
India_006279.jpg,
India_006294.jpg,
India_006296.jpg,
India_006309.jpg,
India_006311.jpg,
India_006344.jpg,
India_006346.jpg,
India_006351.jpg,
India_006380.jpg,
India_006394.jpg,
India_006404.jpg,
India_006416.jpg,4 185 467 260 495 
India_006417.jpg,
India_006418.jpg,
India_006438.jpg,4 462 610 543 668 
India_006440.jpg,
India_006453.jpg,
India_006456.jpg,
India_006457.jpg,4 351 429 378 443 4 335 474 415 526 4 299 483 325 502 4 298 482 325 502 4 334 447 368 466 
India_006461.jpg,
India_006467.jpg,4 429 529 468 548 
India_006472.jpg,4 491 417 579 485 
India_006477.jpg,
India_006484.jpg,
India_006489.jpg,
India_006500.jpg,
India_006503.jpg,1 587 560 651 654 4 408 489 465 516 4 408 489 465 516 
India_006508.jpg,
India_006512.jpg,
India_006521.jpg,
India_006548.jpg,
India_006553.jpg,
India_006558.jpg,
India_006569.jpg,
India_006572.jpg,
India_006573.jpg,
India_006604.jpg,
India_006611.jpg,
India_006612.jpg,
India_006616.jpg,
India_006642.jpg,
India_006662.jpg,
India_006683.jpg,1 492 557 528 620 
India_006687.jpg,
India_006694.jpg,
India_006734.jpg,
India_006738.jpg,4 348 429 400 456 4 349 425 398 453 
India_006742.jpg,
India_006743.jpg,
India_006744.jpg,
India_006747.jpg,
India_006750.jpg,
India_006752.jpg,
India_006762.jpg,
India_006771.jpg,
India_006783.jpg,1 345 538 418 643 
India_006784.jpg,
India_006798.jpg,
India_006800.jpg,
India_006810.jpg,4 449 573 500 608 
India_006828.jpg,
India_006830.jpg,
India_006840.jpg,
India_006849.jpg,
India_006855.jpg,
India_006857.jpg,
India_006858.jpg,
India_006866.jpg,
India_006870.jpg,
India_006886.jpg,
India_006907.jpg,
India_006921.jpg,
India_006924.jpg,
India_006926.jpg,
India_006937.jpg,
India_006955.jpg,
India_006959.jpg,4 420 587 463 617 4 418 586 462 616 4 417 586 462 616 
India_006964.jpg,4 413 488 446 517 4 313 528 386 575 
India_006975.jpg,
India_007003.jpg,
India_007010.jpg,
India_007014.jpg,
India_007040.jpg,
India_007057.jpg,
India_007078.jpg,
India_007079.jpg,4 343 511 377 533 4 342 511 377 534 4 395 618 454 651 
India_007093.jpg,
India_007095.jpg,
India_007103.jpg,
India_007139.jpg,
India_007150.jpg,
India_007166.jpg,4 404 249 467 297 
India_007176.jpg,
India_007193.jpg,
India_007209.jpg,
India_007223.jpg,3 1 507 603 597 
India_007228.jpg,
India_007237.jpg,
India_007248.jpg,
India_007255.jpg,
India_007265.jpg,
India_007273.jpg,3 305 513 469 686 3 303 512 469 687 
India_007290.jpg,
India_007294.jpg,
India_007296.jpg,
India_007303.jpg,
India_007305.jpg,
India_007335.jpg,
India_007337.jpg,
India_007340.jpg,
India_007344.jpg,
India_007348.jpg,
India_007374.jpg,4 371 473 409 494 
India_007380.jpg,
India_007382.jpg,
India_007388.jpg,3 386 542 531 712 
India_007391.jpg,
India_007393.jpg,
India_007400.jpg,
India_007415.jpg,
India_007435.jpg,
India_007437.jpg,
India_007444.jpg,3 404 498 531 659 
India_007447.jpg,
India_007448.jpg,
India_007467.jpg,
India_007471.jpg,
India_007480.jpg,
India_007485.jpg,
India_007490.jpg,
India_007493.jpg,
India_007503.jpg,4 357 492 486 539 
India_007515.jpg,
India_007519.jpg,
India_007521.jpg,
India_007522.jpg,
India_007552.jpg,
India_007556.jpg,4 388 255 431 303 
India_007564.jpg,1 388 528 430 599 
India_007569.jpg,
India_007577.jpg,
India_007580.jpg,
India_007593.jpg,
India_007603.jpg,
India_007605.jpg,
India_007622.jpg,
India_007636.jpg,
India_007645.jpg,4 465 486 492 507 
India_007649.jpg,
India_007674.jpg,
India_007678.jpg,
India_007684.jpg,
India_007694.jpg,
India_007715.jpg,
India_007726.jpg,
India_007738.jpg,
India_007743.jpg,
India_007751.jpg,
India_007775.jpg,1 426 506 463 569 
India_007783.jpg,
India_007788.jpg,
India_007797.jpg,
India_007803.jpg,
India_007839.jpg,
India_007869.jpg,
India_007874.jpg,
India_007875.jpg,
India_007877.jpg,1 456 573 520 681 
India_007885.jpg,
India_007889.jpg,
India_007894.jpg,
India_007910.jpg,
India_007926.jpg,
India_007958.jpg,
India_007960.jpg,
India_007967.jpg,
India_007971.jpg,
India_007980.jpg,
India_007994.jpg,
India_007995.jpg,
India_008026.jpg,
India_008033.jpg,
India_008038.jpg,
India_008041.jpg,
India_008066.jpg,
India_008072.jpg,
India_008082.jpg,
India_008110.jpg,
India_008114.jpg,
India_008115.jpg,
India_008135.jpg,
India_008140.jpg,
India_008155.jpg,
India_008164.jpg,
India_008191.jpg,
India_008199.jpg,
India_008201.jpg,
India_008203.jpg,
India_008210.jpg,
India_008211.jpg,
India_008234.jpg,
India_008240.jpg,
India_008245.jpg,
India_008251.jpg,
India_008277.jpg,
India_008281.jpg,
India_008287.jpg,
India_008318.jpg,
India_008326.jpg,3 657 583 720 662 
India_008350.jpg,
India_008353.jpg,1 249 662 289 719 1 253 663 287 719 1 255 662 287 719 
India_008366.jpg,
India_008419.jpg,
India_008426.jpg,
India_008427.jpg,
India_008438.jpg,
India_008444.jpg,
India_008447.jpg,3 393 508 488 643 
India_008448.jpg,
India_008449.jpg,
India_008456.jpg,
India_008469.jpg,
India_008487.jpg,
India_008490.jpg,
India_008508.jpg,
India_008514.jpg,
India_008520.jpg,
India_008521.jpg,
India_008547.jpg,
India_008566.jpg,
India_008571.jpg,
India_008581.jpg,
India_008590.jpg,
India_008593.jpg,
India_008603.jpg,
India_008617.jpg,
India_008630.jpg,
India_008646.jpg,
India_008647.jpg,
India_008663.jpg,
India_008666.jpg,
India_008674.jpg,
India_008697.jpg,
India_008699.jpg,
India_008713.jpg,
India_008717.jpg,
India_008723.jpg,4 301 515 348 569 1 355 460 387 510 
India_008735.jpg,
India_008748.jpg,
India_008754.jpg,
India_008761.jpg,
India_008781.jpg,
India_008782.jpg,
India_008788.jpg,
India_008797.jpg,
India_008799.jpg,
India_008803.jpg,
India_008820.jpg,
India_008840.jpg,
India_008856.jpg,
India_008859.jpg,
India_008865.jpg,
India_008869.jpg,
India_008892.jpg,
India_008895.jpg,
India_008897.jpg,
India_008899.jpg,
India_008913.jpg,
India_008914.jpg,
India_008934.jpg,
India_008935.jpg,
India_008936.jpg,
India_008938.jpg,
India_008949.jpg,
India_008958.jpg,
India_008965.jpg,
India_008967.jpg,
India_008974.jpg,
India_008978.jpg,
India_008981.jpg,
India_009006.jpg,
India_009012.jpg,
India_009016.jpg,
India_009024.jpg,
India_009028.jpg,1 463 560 531 664 
India_009043.jpg,
India_009050.jpg,
India_009079.jpg,
India_009082.jpg,4 419 671 467 712 4 417 669 466 712 
India_009084.jpg,
India_009093.jpg,4 463 590 529 658 
India_009098.jpg,
India_009103.jpg,
India_009111.jpg,
India_009125.jpg,
India_009145.jpg,
India_009146.jpg,
India_009169.jpg,
India_009187.jpg,
India_009195.jpg,4 406 608 454 637 
India_009196.jpg,
India_009200.jpg,
India_009228.jpg,
India_009241.jpg,
India_009244.jpg,
India_009252.jpg,
India_009253.jpg,
India_009264.jpg,
India_009266.jpg,
India_009276.jpg,4 401 513 455 576 
India_009278.jpg,
India_009301.jpg,
India_009308.jpg,
India_009313.jpg,
India_009319.jpg,
India_009323.jpg,
India_009324.jpg,
India_009332.jpg,
India_009360.jpg,
India_009362.jpg,
India_009369.jpg,4 331 481 367 508 4 331 481 367 507 
India_009416.jpg,
India_009460.jpg,
India_009461.jpg,
India_009463.jpg,
India_009464.jpg,
India_009466.jpg,
India_009480.jpg,
India_009484.jpg,
India_009489.jpg,
India_009496.jpg,
India_009500.jpg,
India_009502.jpg,
India_009515.jpg,
India_009534.jpg,
India_009543.jpg,
India_009566.jpg,
India_009569.jpg,
India_009608.jpg,
India_009616.jpg,
India_009622.jpg,
India_009623.jpg,
India_009629.jpg,
India_009631.jpg,
India_009646.jpg,
India_009651.jpg,
India_009653.jpg,
India_009671.jpg,
India_009673.jpg,
India_009727.jpg,
India_009729.jpg,
India_009764.jpg,4 353 153 386 178 
India_009773.jpg,
India_009777.jpg,
India_009778.jpg,
India_009780.jpg,
India_009783.jpg,
India_009786.jpg,4 422 682 462 720 4 406 568 441 592 
India_009803.jpg,
India_009839.jpg,
India_009845.jpg,
India_009851.jpg,
India_009852.jpg,4 393 546 430 565 4 392 545 431 566 
India_009857.jpg,
India_009861.jpg,
India_009870.jpg,
Japan_000039.jpg,4 398 380 437 401 4 428 438 480 468 
Japan_000048.jpg,
Japan_000054.jpg,
Japan_000055.jpg,1 240 424 292 599 
Japan_000078.jpg,
Japan_000083.jpg,
Japan_000102.jpg,
Japan_000107.jpg,
Japan_000109.jpg,
Japan_000116.jpg,
Japan_000125.jpg,
Japan_000132.jpg,
Japan_000139.jpg,
Japan_000156.jpg,
Japan_000163.jpg,
Japan_000167.jpg,1 388 397 451 466 
Japan_000181.jpg,
Japan_000191.jpg,4 525 488 560 511 4 525 488 560 511 
Japan_000222.jpg,
Japan_000227.jpg,
Japan_000232.jpg,
Japan_000250.jpg,
Japan_000255.jpg,
Japan_000287.jpg,
Japan_000305.jpg,
Japan_000306.jpg,
Japan_000307.jpg,
Japan_000314.jpg,
Japan_000323.jpg,
Japan_000327.jpg,
Japan_000331.jpg,
Japan_000334.jpg,3 322 459 370 529 3 337 563 405 600 
Japan_000347.jpg,3 372 541 434 579 
Japan_000349.jpg,
Japan_000351.jpg,
Japan_000352.jpg,1 291 456 316 503 
Japan_000359.jpg,
Japan_000373.jpg,4 295 480 345 514 
Japan_000382.jpg,4 545 540 608 573 
Japan_000390.jpg,1 510 487 573 576 3 332 476 405 564 3 332 476 406 566 1 510 486 571 575 
Japan_000392.jpg,
Japan_000408.jpg,
Japan_000459.jpg,1 146 338 185 407 
Japan_000462.jpg,
Japan_000472.jpg,
Japan_000491.jpg,1 522 355 598 432 
Japan_000499.jpg,
Japan_000502.jpg,
Japan_000504.jpg,
Japan_000505.jpg,4 355 487 399 510 4 355 487 399 511 
Japan_000510.jpg,
Japan_000512.jpg,
Japan_000516.jpg,
Japan_000525.jpg,
Japan_000527.jpg,
Japan_000529.jpg,
Japan_000536.jpg,1 325 535 351 591 
Japan_000553.jpg,
Japan_000568.jpg,
Japan_000572.jpg,4 303 476 361 515 
Japan_000589.jpg,
Japan_000591.jpg,
Japan_000607.jpg,4 397 382 443 408 
Japan_000614.jpg,4 500 471 572 526 
Japan_000618.jpg,
Japan_000622.jpg,
Japan_000629.jpg,
Japan_000660.jpg,
Japan_000661.jpg,
Japan_000682.jpg,3 230 482 441 600 
Japan_000689.jpg,
Japan_000692.jpg,
Japan_000699.jpg,
Japan_000701.jpg,
Japan_000708.jpg,4 366 452 402 475 4 365 450 400 475 
Japan_000758.jpg,
Japan_000782.jpg,1 201 440 230 480 
Japan_000795.jpg,
Japan_000806.jpg,
Japan_000847.jpg,
Japan_000848.jpg,
Japan_000854.jpg,4 528 491 563 518 4 527 491 561 517 4 527 491 562 517 4 526 491 562 517 4 527 490 562 517 
Japan_000860.jpg,1 510 562 540 600 1 510 562 540 600 
Japan_000868.jpg,
Japan_000869.jpg,
Japan_000870.jpg,
Japan_000876.jpg,
Japan_000894.jpg,
Japan_000900.jpg,
Japan_000904.jpg,
Japan_000905.jpg,
Japan_000906.jpg,
Japan_000909.jpg,
Japan_000919.jpg,
Japan_000943.jpg,
Japan_000946.jpg,
Japan_000951.jpg,
Japan_000960.jpg,
Japan_000962.jpg,
Japan_000966.jpg,
Japan_000967.jpg,
Japan_000968.jpg,
Japan_001001.jpg,
Japan_001004.jpg,
Japan_001014.jpg,
Japan_001018.jpg,
Japan_001025.jpg,
Japan_001034.jpg,
Japan_001035.jpg,
Japan_001056.jpg,
Japan_001064.jpg,
Japan_001067.jpg,
Japan_001070.jpg,
Japan_001102.jpg,
Japan_001125.jpg,
Japan_001126.jpg,
Japan_001128.jpg,
Japan_001136.jpg,
Japan_001152.jpg,
Japan_001162.jpg,4 298 416 323 435 
Japan_001167.jpg,
Japan_001179.jpg,1 294 234 321 282 
Japan_001198.jpg,
Japan_001201.jpg,4 459 532 500 556 
Japan_001209.jpg,
Japan_001218.jpg,
Japan_001220.jpg,
Japan_001227.jpg,
Japan_001232.jpg,
Japan_001234.jpg,1 415 301 463 409 
Japan_001260.jpg,1 421 371 478 429 
Japan_001263.jpg,1 535 551 599 600 1 534 552 598 600 
Japan_001268.jpg,
Japan_001270.jpg,
Japan_001272.jpg,
Japan_001275.jpg,
Japan_001277.jpg,
Japan_001280.jpg,
Japan_001283.jpg,
Japan_001286.jpg,1 287 495 341 600 
Japan_001290.jpg,
Japan_001291.jpg,
Japan_001297.jpg,
Japan_001316.jpg,
Japan_001317.jpg,
Japan_001335.jpg,1 133 492 190 562 1 131 490 189 560 
Japan_001341.jpg,
Japan_001344.jpg,4 264 542 308 574 4 266 543 308 572 4 266 544 306 571 4 266 543 307 572 
Japan_001353.jpg,
Japan_001356.jpg,
Japan_001368.jpg,
Japan_001379.jpg,
Japan_001393.jpg,
Japan_001403.jpg,
Japan_001404.jpg,3 206 480 286 560 
Japan_001414.jpg,
Japan_001418.jpg,
Japan_001424.jpg,3 412 389 598 600 
Japan_001440.jpg,4 365 442 404 462 4 387 557 455 596 4 388 557 458 596 
Japan_001464.jpg,
Japan_001476.jpg,3 277 342 509 466 
Japan_001480.jpg,
Japan_001491.jpg,
Japan_001500.jpg,2 4 542 385 590 
Japan_001504.jpg,
Japan_001510.jpg,1 297 468 392 596 
Japan_001511.jpg,
Japan_001512.jpg,
Japan_001525.jpg,2 558 548 600 571 2 557 547 600 569 
Japan_001535.jpg,
Japan_001545.jpg,
Japan_001550.jpg,
Japan_001565.jpg,
Japan_001571.jpg,
Japan_001596.jpg,
Japan_001602.jpg,
Japan_001607.jpg,1 222 391 256 475 
Japan_001626.jpg,3 363 448 578 583 
Japan_001646.jpg,
Japan_001653.jpg,3 273 359 401 399 
Japan_001670.jpg,
Japan_001671.jpg,
Japan_001676.jpg,
Japan_001689.jpg,
Japan_001693.jpg,
Japan_001702.jpg,
Japan_001720.jpg,
Japan_001722.jpg,
Japan_001731.jpg,
Japan_001737.jpg,
Japan_001774.jpg,
Japan_001775.jpg,
Japan_001787.jpg,
Japan_001789.jpg,1 547 197 600 276 
Japan_001811.jpg,
Japan_001826.jpg,
Japan_001829.jpg,
Japan_001837.jpg,
Japan_001842.jpg,
Japan_001846.jpg,
Japan_001864.jpg,
Japan_001869.jpg,
Japan_001870.jpg,
Japan_001873.jpg,
Japan_001883.jpg,
Japan_001891.jpg,
Japan_001911.jpg,
Japan_001915.jpg,
Japan_001918.jpg,4 348 372 382 389 4 346 373 382 390 3 370 498 600 600 
Japan_001933.jpg,
Japan_001939.jpg,
Japan_001945.jpg,
Japan_001965.jpg,
Japan_001993.jpg,
Japan_001997.jpg,
Japan_001998.jpg,
Japan_002011.jpg,
Japan_002012.jpg,
Japan_002015.jpg,4 383 515 409 535 4 384 514 408 535 4 366 566 397 592 
Japan_002018.jpg,
Japan_002019.jpg,
Japan_002022.jpg,
Japan_002026.jpg,
Japan_002043.jpg,
Japan_002064.jpg,4 391 347 444 374 
Japan_002076.jpg,
Japan_002126.jpg,
Japan_002127.jpg,1 156 486 209 553 
Japan_002136.jpg,
Japan_002140.jpg,
Japan_002145.jpg,
Japan_002150.jpg,
Japan_002157.jpg,
Japan_002165.jpg,
Japan_002170.jpg,
Japan_002178.jpg,
Japan_002180.jpg,
Japan_002200.jpg,1 358 444 375 482 
Japan_002215.jpg,
Japan_002226.jpg,
Japan_002232.jpg,4 304 449 510 530 
Japan_002245.jpg,
Japan_002249.jpg,
Japan_002262.jpg,
Japan_002277.jpg,
Japan_002279.jpg,
Japan_002287.jpg,
Japan_002290.jpg,4 440 560 475 595 
Japan_002296.jpg,
Japan_002304.jpg,3 455 490 560 579 
Japan_002340.jpg,3 381 438 600 600 
Japan_002366.jpg,
Japan_002369.jpg,
Japan_002378.jpg,
Japan_002386.jpg,1 220 337 254 410 
Japan_002391.jpg,
Japan_002405.jpg,
Japan_002410.jpg,
Japan_002418.jpg,
Japan_002437.jpg,
Japan_002449.jpg,
Japan_002450.jpg,
Japan_002452.jpg,4 325 463 351 480 4 324 463 350 480 
Japan_002454.jpg,3 373 503 516 600 
Japan_002462.jpg,
Japan_002463.jpg,
Japan_002480.jpg,
Japan_002485.jpg,
Japan_002486.jpg,1 300 64 326 125 
Japan_002488.jpg,
Japan_002490.jpg,
Japan_002507.jpg,
Japan_002515.jpg,
Japan_002525.jpg,
Japan_002529.jpg,
Japan_002531.jpg,3 260 326 324 400 
Japan_002540.jpg,
Japan_002541.jpg,
Japan_002551.jpg,1 530 452 589 538 
Japan_002575.jpg,
Japan_002595.jpg,
Japan_002596.jpg,
Japan_002603.jpg,
Japan_002620.jpg,
Japan_002621.jpg,
Japan_002628.jpg,
Japan_002630.jpg,
Japan_002645.jpg,
Japan_002652.jpg,
Japan_002679.jpg,
Japan_002681.jpg,
Japan_002683.jpg,
Japan_002702.jpg,
Japan_002722.jpg,
Japan_002747.jpg,
Japan_002748.jpg,
Japan_002754.jpg,4 396 466 463 496 
Japan_002755.jpg,1 369 476 400 518 1 368 476 401 517 
Japan_002764.jpg,
Japan_002778.jpg,1 395 493 422 571 1 394 493 422 570 
Japan_002783.jpg,1 191 284 218 328 
Japan_002784.jpg,4 432 722 483 757 
Japan_002790.jpg,
Japan_002797.jpg,4 577 557 600 584 
Japan_002814.jpg,
Japan_002828.jpg,
Japan_002848.jpg,
Japan_002853.jpg,4 216 446 263 467 
Japan_002854.jpg,
Japan_002891.jpg,
Japan_002895.jpg,
Japan_002904.jpg,
Japan_002923.jpg,
Japan_002985.jpg,4 570 490 600 514 4 570 490 600 513 
Japan_003011.jpg,
Japan_003017.jpg,
Japan_003028.jpg,
Japan_003044.jpg,
Japan_003050.jpg,1 385 276 417 315 1 385 276 417 315 
Japan_003055.jpg,1 285 464 335 505 1 288 465 335 506 
Japan_003069.jpg,
Japan_003075.jpg,
Japan_003087.jpg,
Japan_003094.jpg,
Japan_003096.jpg,
Japan_003097.jpg,
Japan_003099.jpg,
Japan_003100.jpg,
Japan_003105.jpg,3 336 484 600 592 
Japan_003109.jpg,
Japan_003110.jpg,
Japan_003116.jpg,
Japan_003121.jpg,
Japan_003126.jpg,
Japan_003150.jpg,
Japan_003158.jpg,1 218 292 244 350 
Japan_003166.jpg,
Japan_003170.jpg,
Japan_003184.jpg,
Japan_003190.jpg,
Japan_003195.jpg,
Japan_003212.jpg,
Japan_003213.jpg,
Japan_003216.jpg,
Japan_003218.jpg,
Japan_003239.jpg,
Japan_003251.jpg,
Japan_003254.jpg,1 322 531 364 600 
Japan_003261.jpg,
Japan_003276.jpg,1 333 465 367 547 
Japan_003289.jpg,
Japan_003294.jpg,
Japan_003297.jpg,
Japan_003300.jpg,
Japan_003308.jpg,
Japan_003312.jpg,
Japan_003318.jpg,
Japan_003349.jpg,1 325 513 383 593 1 325 513 382 593 1 324 512 382 592 1 323 512 382 592 1 324 512 382 592 3 322 512 384 593 3 323 511 383 593 3 324 513 383 592 
Japan_003406.jpg,
Japan_003409.jpg,
Japan_003413.jpg,4 234 394 258 413 4 234 394 258 412 4 234 394 258 412 
Japan_003437.jpg,1 188 463 233 527 4 465 534 522 562 
Japan_003441.jpg,
Japan_003453.jpg,
Japan_003459.jpg,
Japan_003460.jpg,1 266 372 317 434 1 269 491 306 596 1 266 372 317 439 
Japan_003468.jpg,
Japan_003476.jpg,
Japan_003508.jpg,1 235 303 264 345 1 204 435 257 580 1 235 303 262 346 
Japan_003512.jpg,
Japan_003526.jpg,
Japan_003540.jpg,
Japan_003543.jpg,
Japan_003562.jpg,1 189 300 212 331 
Japan_003565.jpg,3 188 424 314 526 
Japan_003566.jpg,
Japan_003567.jpg,
Japan_003571.jpg,
Japan_003577.jpg,
Japan_003578.jpg,
Japan_003591.jpg,
Japan_003598.jpg,
Japan_003616.jpg,
Japan_003617.jpg,
Japan_003618.jpg,
Japan_003628.jpg,
Japan_003630.jpg,
Japan_003679.jpg,
Japan_003691.jpg,
Japan_003692.jpg,
Japan_003695.jpg,1 326 255 341 286 
Japan_003709.jpg,
Japan_003719.jpg,1 307 320 335 406 
Japan_003725.jpg,
Japan_003730.jpg,1 248 296 288 411 
Japan_003732.jpg,
Japan_003734.jpg,
Japan_003737.jpg,
Japan_003739.jpg,
Japan_003743.jpg,1 411 488 459 564 
Japan_003764.jpg,
Japan_003765.jpg,
Japan_003771.jpg,
Japan_003774.jpg,
Japan_003788.jpg,1 249 508 287 572 1 247 508 288 576 1 248 511 289 577 1 247 510 289 577 
Japan_003792.jpg,
Japan_003799.jpg,
Japan_003818.jpg,
Japan_003823.jpg,4 289 337 311 349 4 180 361 208 375 
Japan_003835.jpg,
Japan_003852.jpg,3 324 337 473 440 
Japan_003875.jpg,
Japan_003883.jpg,1 402 230 425 260 
Japan_003889.jpg,1 278 494 322 535 1 280 495 321 535 
Japan_003920.jpg,
Japan_003925.jpg,
Japan_003928.jpg,
Japan_003942.jpg,
Japan_003944.jpg,
Japan_003948.jpg,
Japan_003955.jpg,1 279 347 292 381 
Japan_003957.jpg,
Japan_003966.jpg,
Japan_003969.jpg,
Japan_003977.jpg,
Japan_003980.jpg,
Japan_003985.jpg,
Japan_003988.jpg,
Japan_004004.jpg,
Japan_004012.jpg,
Japan_004034.jpg,
Japan_004036.jpg,3 398 473 530 555 
Japan_004037.jpg,
Japan_004039.jpg,
Japan_004057.jpg,
Japan_004061.jpg,
Japan_004084.jpg,
Japan_004086.jpg,
Japan_004089.jpg,
Japan_004102.jpg,
Japan_004106.jpg,
Japan_004108.jpg,
Japan_004130.jpg,2 262 229 449 256 
Japan_004151.jpg,
Japan_004153.jpg,
Japan_004159.jpg,1 345 237 425 321 1 464 331 593 409 
Japan_004160.jpg,
Japan_004162.jpg,
Japan_004163.jpg,
Japan_004169.jpg,
Japan_004180.jpg,
Japan_004206.jpg,
Japan_004226.jpg,
Japan_004239.jpg,3 240 360 303 452 
Japan_004240.jpg,
Japan_004244.jpg,3 753 807 1077 1080 
Japan_004248.jpg,
Japan_004269.jpg,
Japan_004278.jpg,
Japan_004301.jpg,
Japan_004305.jpg,
Japan_004306.jpg,
Japan_004310.jpg,
Japan_004312.jpg,
Japan_004317.jpg,
Japan_004320.jpg,
Japan_004331.jpg,
Japan_004333.jpg,
Japan_004368.jpg,
Japan_004376.jpg,
Japan_004400.jpg,
Japan_004414.jpg,4 543 575 586 600 4 544 576 586 600 
Japan_004421.jpg,
Japan_004438.jpg,
Japan_004465.jpg,
Japan_004471.jpg,
Japan_004475.jpg,
Japan_004478.jpg,
Japan_004488.jpg,
Japan_004506.jpg,
Japan_004518.jpg,3 387 240 451 281 
Japan_004519.jpg,
Japan_004522.jpg,
Japan_004523.jpg,
Japan_004532.jpg,
Japan_004538.jpg,
Japan_004550.jpg,
Japan_004557.jpg,
Japan_004558.jpg,
Japan_004561.jpg,4 519 497 599 533 
Japan_004566.jpg,
Japan_004592.jpg,4 111 547 142 568 
Japan_004594.jpg,
Japan_004596.jpg,1 390 459 462 510 
Japan_004600.jpg,
Japan_004608.jpg,
Japan_004633.jpg,4 247 416 266 440 4 244 391 262 409 
Japan_004635.jpg,
Japan_004636.jpg,
Japan_004637.jpg,
Japan_004644.jpg,
Japan_004645.jpg,
Japan_004654.jpg,
Japan_004666.jpg,
Japan_004669.jpg,4 406 561 454 600 
Japan_004681.jpg,
Japan_004686.jpg,
Japan_004695.jpg,1 515 521 587 598 1 525 555 570 598 1 526 556 572 599 
Japan_004701.jpg,2 197 144 512 180 
Japan_004732.jpg,
Japan_004740.jpg,
Japan_004761.jpg,
Japan_004766.jpg,
Japan_004775.jpg,
Japan_004825.jpg,
Japan_004848.jpg,
Japan_004850.jpg,
Japan_004852.jpg,
Japan_004873.jpg,
Japan_004906.jpg,
Japan_004943.jpg,
Japan_004969.jpg,
Japan_004983.jpg,
Japan_005016.jpg,
Japan_005019.jpg,
Japan_005025.jpg,1 497 516 539 565 1 497 516 540 565 
Japan_005042.jpg,
Japan_005053.jpg,
Japan_005056.jpg,
Japan_005059.jpg,
Japan_005060.jpg,
Japan_005063.jpg,
Japan_005081.jpg,
Japan_005092.jpg,
Japan_005093.jpg,
Japan_005094.jpg,
Japan_005097.jpg,
Japan_005103.jpg,1 382 547 408 600 
Japan_005108.jpg,1 351 445 432 533 1 352 443 433 532 1 351 446 433 533 1 352 444 434 533 1 351 445 432 532 
Japan_005113.jpg,
Japan_005116.jpg,
Japan_005127.jpg,
Japan_005138.jpg,
Japan_005159.jpg,
Japan_005160.jpg,
Japan_005177.jpg,
Japan_005181.jpg,
Japan_005194.jpg,
Japan_005196.jpg,
Japan_005213.jpg,
Japan_005227.jpg,
Japan_005229.jpg,3 284 508 338 600 
Japan_005232.jpg,4 417 525 450 542 4 278 481 362 534 
Japan_005267.jpg,
Japan_005268.jpg,
Japan_005272.jpg,
Japan_005281.jpg,
Japan_005283.jpg,
Japan_005310.jpg,1 207 306 249 328 
Japan_005319.jpg,
Japan_005321.jpg,
Japan_005325.jpg,
Japan_005353.jpg,2 451 446 599 474 
Japan_005369.jpg,
Japan_005376.jpg,
Japan_005377.jpg,
Japan_005384.jpg,
Japan_005385.jpg,
Japan_005393.jpg,
Japan_005399.jpg,
Japan_005400.jpg,
Japan_005433.jpg,
Japan_005436.jpg,1 350 486 395 560 
Japan_005442.jpg,
Japan_005447.jpg,
Japan_005457.jpg,4 440 569 476 600 
Japan_005458.jpg,
Japan_005470.jpg,
Japan_005474.jpg,
Japan_005479.jpg,
Japan_005480.jpg,
Japan_005496.jpg,
Japan_005497.jpg,
Japan_005504.jpg,2 515 537 600 560 
Japan_005508.jpg,
Japan_005512.jpg,
Japan_005551.jpg,
Japan_005555.jpg,
Japan_005561.jpg,1 378 206 424 263 
Japan_005580.jpg,
Japan_005610.jpg,
Japan_005619.jpg,
Japan_005624.jpg,
Japan_005630.jpg,
Japan_005632.jpg,
Japan_005634.jpg,4 465 453 509 477 
Japan_005636.jpg,4 513 470 572 509 
Japan_005637.jpg,
Japan_005641.jpg,
Japan_005652.jpg,
Japan_005662.jpg,
Japan_005671.jpg,
Japan_005697.jpg,
Japan_005702.jpg,
Japan_005709.jpg,
Japan_005716.jpg,3 153 405 346 600 
Japan_005725.jpg,1 379 472 417 516 1 380 473 417 515 
Japan_005736.jpg,
Japan_005767.jpg,
Japan_005769.jpg,
Japan_005775.jpg,
Japan_005778.jpg,4 226 525 261 550 4 226 526 260 549 
Japan_005781.jpg,
Japan_005786.jpg,1 390 404 443 463 
Japan_005787.jpg,
Japan_005809.jpg,
Japan_005822.jpg,
Japan_005826.jpg,3 165 438 249 480 3 161 438 248 482 
Japan_005847.jpg,
Japan_005853.jpg,1 136 503 242 590 
Japan_005860.jpg,
Japan_005867.jpg,
Japan_005878.jpg,4 277 503 304 529 4 277 503 304 528 4 278 502 305 529 4 253 552 282 576 4 278 502 305 529 4 251 552 283 576 4 252 551 282 576 4 251 552 282 575 
Japan_005884.jpg,
Japan_005896.jpg,
Japan_005899.jpg,
Japan_005905.jpg,
Japan_005916.jpg,
Japan_005926.jpg,4 325 550 361 581 4 324 550 362 580 
Japan_005927.jpg,4 413 476 441 490 4 337 428 364 451 4 336 430 362 451 4 337 428 362 450 4 335 415 443 480 
Japan_005929.jpg,
Japan_005938.jpg,
Japan_005942.jpg,
Japan_005950.jpg,
Japan_005971.jpg,3 0 532 525 600 
Japan_006000.jpg,
Japan_006002.jpg,
Japan_006009.jpg,
Japan_006044.jpg,
Japan_006058.jpg,
Japan_006075.jpg,
Japan_006102.jpg,
Japan_006119.jpg,
Japan_006147.jpg,4 535 572 575 599 4 536 572 576 600 4 533 571 573 599 4 536 574 573 600 
Japan_006158.jpg,
Japan_006159.jpg,
Japan_006197.jpg,
Japan_006200.jpg,
Japan_006203.jpg,
Japan_006205.jpg,
Japan_006208.jpg,
Japan_006213.jpg,
Japan_006219.jpg,
Japan_006220.jpg,
Japan_006237.jpg,
Japan_006240.jpg,
Japan_006244.jpg,2 237 247 322 265 
Japan_006249.jpg,
Japan_006250.jpg,
Japan_006256.jpg,
Japan_006270.jpg,
Japan_006274.jpg,
Japan_006281.jpg,
Japan_006291.jpg,
Japan_006296.jpg,1 229 372 276 487 1 231 373 274 487 
Japan_006297.jpg,
Japan_006301.jpg,1 382 533 408 587 1 382 535 407 587 
Japan_006329.jpg,
Japan_006337.jpg,
Japan_006375.jpg,
Japan_006379.jpg,
Japan_006382.jpg,
Japan_006389.jpg,
Japan_006401.jpg,
Japan_006408.jpg,2 518 566 600 594 
Japan_006421.jpg,4 279 465 319 488 
Japan_006435.jpg,1 393 490 469 599 
Japan_006447.jpg,4 431 565 469 598 
Japan_006449.jpg,
Japan_006458.jpg,
Japan_006462.jpg,1 380 449 432 532 
Japan_006463.jpg,4 451 273 504 316 
Japan_006511.jpg,
Japan_006518.jpg,
Japan_006525.jpg,2 530 397 600 412 
Japan_006540.jpg,
Japan_006543.jpg,
Japan_006597.jpg,
Japan_006599.jpg,
Japan_006618.jpg,2 119 465 211 486 
Japan_006621.jpg,3 360 425 420 470 
Japan_006627.jpg,
Japan_006629.jpg,
Japan_006637.jpg,
Japan_006660.jpg,
Japan_006663.jpg,
Japan_006668.jpg,
Japan_006671.jpg,
Japan_006683.jpg,1 496 487 585 599 1 495 487 575 598 
Japan_006692.jpg,
Japan_006696.jpg,4 334 518 392 564 
Japan_006707.jpg,1 436 318 503 363 
Japan_006718.jpg,1 474 469 555 517 
Japan_006726.jpg,4 505 456 531 474 4 506 455 532 475 4 506 455 532 475 
Japan_006735.jpg,
Japan_006762.jpg,
Japan_006763.jpg,3 287 383 371 457 
Japan_006773.jpg,
Japan_006776.jpg,
Japan_006781.jpg,
Japan_006791.jpg,
Japan_006796.jpg,
Japan_006799.jpg,
Japan_006805.jpg,
Japan_006820.jpg,
Japan_006826.jpg,
Japan_006828.jpg,
Japan_006830.jpg,
Japan_006831.jpg,4 338 540 390 574 4 198 435 235 459 
Japan_006850.jpg,
Japan_006851.jpg,
Japan_006856.jpg,
Japan_006857.jpg,
Japan_006858.jpg,
Japan_006871.jpg,
Japan_006902.jpg,4 429 480 508 523 
Japan_006906.jpg,
Japan_006907.jpg,
Japan_006925.jpg,
Japan_006933.jpg,
Japan_006937.jpg,
Japan_006948.jpg,
Japan_006949.jpg,
Japan_006955.jpg,
Japan_006957.jpg,
Japan_006960.jpg,
Japan_006982.jpg,
Japan_007000.jpg,
Japan_007001.jpg,4 125 567 170 582 
Japan_007007.jpg,
Japan_007025.jpg,
Japan_007032.jpg,
Japan_007047.jpg,
Japan_007058.jpg,
Japan_007065.jpg,
Japan_007067.jpg,3 387 350 443 389 3 387 350 445 389 3 387 350 443 389 1 387 350 443 389 3 388 350 443 389 
Japan_007088.jpg,1 176 387 257 498 
Japan_007108.jpg,
Japan_007122.jpg,
Japan_007124.jpg,
Japan_007133.jpg,
Japan_007157.jpg,
Japan_007169.jpg,
Japan_007185.jpg,
Japan_007221.jpg,
Japan_007235.jpg,4 188 392 218 408 4 187 392 219 409 
Japan_007251.jpg,
Japan_007254.jpg,
Japan_007281.jpg,
Japan_007288.jpg,
Japan_007290.jpg,
Japan_007291.jpg,
Japan_007304.jpg,
Japan_007312.jpg,
Japan_007317.jpg,
Japan_007323.jpg,
Japan_007326.jpg,
Japan_007365.jpg,
Japan_007386.jpg,
Japan_007402.jpg,
Japan_007405.jpg,
Japan_007406.jpg,
Japan_007419.jpg,
Japan_007425.jpg,
Japan_007428.jpg,
Japan_007435.jpg,
Japan_007444.jpg,
Japan_007447.jpg,
Japan_007449.jpg,
Japan_007452.jpg,
Japan_007494.jpg,
Japan_007511.jpg,
Japan_007522.jpg,1 133 520 173 595 
Japan_007524.jpg,2 456 333 600 364 
Japan_007534.jpg,
Japan_007538.jpg,
Japan_007542.jpg,
Japan_007551.jpg,
Japan_007569.jpg,
Japan_007572.jpg,4 332 523 365 550 
Japan_007577.jpg,
Japan_007578.jpg,
Japan_007589.jpg,
Japan_007590.jpg,
Japan_007608.jpg,
Japan_007619.jpg,4 492 534 547 569 4 490 534 542 567 
Japan_007656.jpg,4 282 520 306 548 4 282 520 307 548 
Japan_007662.jpg,1 156 415 195 464 
Japan_007671.jpg,
Japan_007677.jpg,
Japan_007694.jpg,
Japan_007708.jpg,3 341 494 474 599 
Japan_007732.jpg,
Japan_007763.jpg,
Japan_007764.jpg,
Japan_007771.jpg,
Japan_007778.jpg,
Japan_007797.jpg,
Japan_007800.jpg,
Japan_007813.jpg,
Japan_007818.jpg,
Japan_007854.jpg,
Japan_007864.jpg,
Japan_007884.jpg,1 261 481 297 531 1 264 480 297 530 
Japan_007885.jpg,
Japan_007889.jpg,
Japan_007893.jpg,
Japan_007901.jpg,
Japan_007907.jpg,
Japan_007919.jpg,1 384 127 449 209 
Japan_007934.jpg,
Japan_007935.jpg,
Japan_007946.jpg,
Japan_007952.jpg,
Japan_007977.jpg,
Japan_008005.jpg,
Japan_008011.jpg,
Japan_008018.jpg,
Japan_008024.jpg,1 360 479 404 548 
Japan_008053.jpg,
Japan_008058.jpg,
Japan_008086.jpg,
Japan_008088.jpg,
Japan_008090.jpg,
Japan_008091.jpg,
Japan_008111.jpg,
Japan_008118.jpg,1 289 333 331 402 1 377 487 400 540 1 376 487 400 539 1 290 334 331 402 1 376 486 400 540 
Japan_008119.jpg,4 424 594 488 621 
Japan_008125.jpg,
Japan_008129.jpg,3 385 395 599 600 
Japan_008132.jpg,
Japan_008136.jpg,
Japan_008138.jpg,
Japan_008141.jpg,
Japan_008163.jpg,
Japan_008181.jpg,4 397 557 471 585 
Japan_008194.jpg,
Japan_008201.jpg,
Japan_008203.jpg,
Japan_008210.jpg,
Japan_008232.jpg,
Japan_008244.jpg,
Japan_008255.jpg,
Japan_008290.jpg,1 288 358 320 431 
Japan_008293.jpg,
Japan_008299.jpg,
Japan_008305.jpg,
Japan_008311.jpg,
Japan_008320.jpg,
Japan_008329.jpg,
Japan_008331.jpg,4 461 469 525 517 
Japan_008350.jpg,
Japan_008377.jpg,3 294 370 362 421 
Japan_008384.jpg,
Japan_008385.jpg,
Japan_008400.jpg,
Japan_008419.jpg,
Japan_008423.jpg,
Japan_008436.jpg,1 118 510 173 598 
Japan_008437.jpg,
Japan_008442.jpg,
Japan_008462.jpg,
Japan_008484.jpg,
Japan_008489.jpg,1 9 360 192 598 1 8 359 192 598 3 8 359 192 598 3 5 369 189 599 3 6 369 189 599 3 6 369 189 600 
Japan_008490.jpg,
Japan_008499.jpg,
Japan_008503.jpg,
Japan_008517.jpg,
Japan_008519.jpg,1 260 329 283 363 1 310 356 338 424 
Japan_008531.jpg,
Japan_008533.jpg,
Japan_008537.jpg,
Japan_008543.jpg,
Japan_008548.jpg,
Japan_008552.jpg,1 390 456 428 524 1 40 420 121 503 1 41 420 121 503 
Japan_008555.jpg,4 173 549 213 600 4 469 509 521 534 4 469 509 522 535 4 286 424 323 446 
Japan_008570.jpg,
Japan_008582.jpg,
Japan_008600.jpg,4 383 413 414 431 4 169 447 204 470 4 168 447 204 470 
Japan_008602.jpg,1 500 503 591 599 1 502 504 570 600 
Japan_008626.jpg,
Japan_008641.jpg,
Japan_008646.jpg,
Japan_008664.jpg,
Japan_008666.jpg,
Japan_008670.jpg,
Japan_008671.jpg,
Japan_008678.jpg,
Japan_008680.jpg,
Japan_008700.jpg,
Japan_008717.jpg,
Japan_008751.jpg,
Japan_008757.jpg,
Japan_008764.jpg,
Japan_008775.jpg,
Japan_008786.jpg,
Japan_008788.jpg,
Japan_008806.jpg,
Japan_008821.jpg,
Japan_008822.jpg,
Japan_008823.jpg,
Japan_008826.jpg,3 395 486 580 585 3 390 485 546 584 
Japan_008841.jpg,
Japan_008850.jpg,1 243 525 269 597 1 244 524 272 600 
Japan_008857.jpg,
Japan_008859.jpg,1 96 369 200 520 1 96 369 201 519 
Japan_008868.jpg,
Japan_008879.jpg,4 375 409 396 423 
Japan_008886.jpg,
Japan_008909.jpg,
Japan_008924.jpg,
Japan_008979.jpg,
Japan_008986.jpg,
Japan_009002.jpg,
Japan_009006.jpg,
Japan_009009.jpg,
Japan_009015.jpg,
Japan_009034.jpg,2 24 421 116 442 
Japan_009055.jpg,
Japan_009060.jpg,
Japan_009071.jpg,
Japan_009101.jpg,
Japan_009128.jpg,1 267 502 335 575 1 267 507 334 579 
Japan_009136.jpg,1 334 500 358 553 1 335 499 358 552 1 336 498 358 551 1 366 448 412 565 
Japan_009165.jpg,
Japan_009168.jpg,
Japan_009185.jpg,
Japan_009186.jpg,
Japan_009192.jpg,
Japan_009198.jpg,4 489 489 524 518 4 293 520 320 544 4 294 522 319 545 4 488 489 521 517 4 294 521 319 544 4 489 490 523 517 4 489 489 522 517 4 340 442 358 457 4 204 378 231 392 4 207 547 267 600 
Japan_009227.jpg,
Japan_009228.jpg,
Japan_009234.jpg,1 229 367 255 442 1 313 362 382 479 1 312 362 384 483 
Japan_009235.jpg,
Japan_009261.jpg,
Japan_009280.jpg,
Japan_009304.jpg,
Japan_009332.jpg,
Japan_009348.jpg,
Japan_009362.jpg,1 358 476 383 522 
Japan_009366.jpg,
Japan_009368.jpg,
Japan_009375.jpg,
Japan_009377.jpg,
Japan_009385.jpg,
Japan_009387.jpg,
Japan_009399.jpg,
Japan_009403.jpg,
Japan_009451.jpg,
Japan_009466.jpg,
Japan_009497.jpg,
Japan_009514.jpg,4 257 372 315 402 
Japan_009530.jpg,
Japan_009531.jpg,
Japan_009537.jpg,
Japan_009550.jpg,
Japan_009554.jpg,1 280 532 311 583 1 233 571 253 600 1 243 470 260 513 1 278 528 310 583 1 276 528 310 582 
Japan_009571.jpg,
Japan_009572.jpg,2 211 397 285 414 
Japan_009584.jpg,
Japan_009596.jpg,
Japan_009612.jpg,
Japan_009615.jpg,
Japan_009616.jpg,4 548 536 600 577 
Japan_009622.jpg,1 511 392 552 486 
Japan_009639.jpg,
Japan_009653.jpg,
Japan_009657.jpg,
Japan_009671.jpg,
Japan_009691.jpg,
Japan_009715.jpg,3 392 487 600 600 
Japan_009723.jpg,
Japan_009729.jpg,
Japan_009736.jpg,
Japan_009747.jpg,1 286 451 314 490 1 285 451 314 490 
Japan_009753.jpg,
Japan_009762.jpg,2 289 471 458 510 
Japan_009771.jpg,
Japan_009780.jpg,
Japan_009786.jpg,
Japan_009788.jpg,
Japan_009803.jpg,
Japan_009829.jpg,
Japan_009833.jpg,
Japan_009834.jpg,
Japan_009835.jpg,1 372 470 425 527 
Japan_009861.jpg,
Japan_009868.jpg,1 195 523 225 600 
Japan_009871.jpg,
Japan_009876.jpg,4 56 525 93 554 
Japan_009880.jpg,
Japan_009886.jpg,
Japan_009894.jpg,
Japan_009895.jpg,
Japan_009901.jpg,1 553 517 600 596 
Japan_009910.jpg,
Japan_009937.jpg,
Japan_009941.jpg,
Japan_009971.jpg,
Japan_009982.jpg,
Japan_009987.jpg,
Japan_010008.jpg,
Japan_010012.jpg,1 334 466 397 516 1 123 449 203 553 1 327 463 390 513 1 123 449 203 554 1 121 449 204 554 1 122 449 204 554 3 124 449 205 552 3 123 449 205 552 
Japan_010074.jpg,1 261 442 289 524 
Japan_010090.jpg,1 440 465 475 528 
Japan_010110.jpg,
Japan_010112.jpg,
Japan_010119.jpg,
Japan_010131.jpg,4 554 559 600 597 4 554 558 600 593 4 555 558 600 592 4 555 559 600 594 
Japan_010144.jpg,
Japan_010154.jpg,
Japan_010155.jpg,
Japan_010170.jpg,
Japan_010194.jpg,4 428 492 482 531 
Japan_010201.jpg,
Japan_010203.jpg,
Japan_010207.jpg,
Japan_010211.jpg,
Japan_010224.jpg,
Japan_010240.jpg,
Japan_010242.jpg,
Japan_010246.jpg,
Japan_010247.jpg,
Japan_010250.jpg,
Japan_010265.jpg,
Japan_010266.jpg,
Japan_010285.jpg,
Japan_010294.jpg,
Japan_010308.jpg,
Japan_010326.jpg,
Japan_010337.jpg,
Japan_010338.jpg,1 456 493 510 573 1 456 493 513 579 
Japan_010351.jpg,
Japan_010359.jpg,
Japan_010369.jpg,
Japan_010401.jpg,
Japan_010412.jpg,1 227 490 251 527 
Japan_010414.jpg,
Japan_010435.jpg,
Japan_010454.jpg,
Japan_010465.jpg,
Japan_010475.jpg,2 406 362 600 395 
Japan_010485.jpg,
Japan_010493.jpg,
Japan_010539.jpg,
Japan_010551.jpg,
Japan_010554.jpg,
Japan_010584.jpg,3 461 495 600 585 
Japan_010588.jpg,
Japan_010593.jpg,
Japan_010601.jpg,
Japan_010609.jpg,
Japan_010612.jpg,4 484 543 597 608 
Japan_010637.jpg,
Japan_010638.jpg,1 567 511 600 596 1 566 512 600 600 
Japan_010640.jpg,
Japan_010641.jpg,
Japan_010652.jpg,
Japan_010671.jpg,1 327 426 406 517 
Japan_010689.jpg,
Japan_010697.jpg,
Japan_010715.jpg,
Japan_010726.jpg,
Japan_010745.jpg,
Japan_010749.jpg,
Japan_010752.jpg,
Japan_010754.jpg,
Japan_010757.jpg,
Japan_010783.jpg,
Japan_010800.jpg,4 427 414 462 433 
Japan_010803.jpg,
Japan_010813.jpg,
Japan_010819.jpg,
Japan_010849.jpg,4 276 402 300 413 4 353 426 391 441 4 277 366 295 378 4 277 366 294 378 4 273 422 297 440 
Japan_010853.jpg,
Japan_010860.jpg,
Japan_010876.jpg,
Japan_010882.jpg,4 121 518 147 538 
Japan_010885.jpg,
Japan_010909.jpg,1 300 463 355 600 
Japan_010912.jpg,
Japan_010916.jpg,
Japan_010917.jpg,
Japan_010934.jpg,1 504 488 599 596 
Japan_010938.jpg,
Japan_010970.jpg,
Japan_010991.jpg,1 264 497 324 600 
Japan_011037.jpg,
Japan_011040.jpg,4 406 467 444 491 
Japan_011073.jpg,1 326 345 400 428 
Japan_011074.jpg,1 512 405 599 479 
Japan_011083.jpg,
Japan_011098.jpg,
Japan_011112.jpg,
Japan_011137.jpg,
Japan_011142.jpg,
Japan_011159.jpg,1 461 236 600 353 3 456 233 600 349 3 457 233 600 350 
Japan_011165.jpg,4 221 457 262 478 
Japan_011176.jpg,1 221 265 256 323 
Japan_011177.jpg,
Japan_011181.jpg,
Japan_011214.jpg,1 137 384 168 468 
Japan_011243.jpg,
Japan_011259.jpg,
Japan_011262.jpg,
Japan_011270.jpg,
Japan_011282.jpg,
Japan_011300.jpg,
Japan_011301.jpg,
Japan_011303.jpg,
Japan_011310.jpg,
Japan_011318.jpg,
Japan_011334.jpg,
Japan_011345.jpg,
Japan_011348.jpg,
Japan_011357.jpg,
Japan_011358.jpg,
Japan_011365.jpg,
Japan_011370.jpg,
Japan_011421.jpg,
Japan_011434.jpg,
Japan_011437.jpg,
Japan_011441.jpg,
Japan_011442.jpg,
Japan_011451.jpg,
Japan_011453.jpg,3 372 354 423 393 
Japan_011457.jpg,
Japan_011474.jpg,
Japan_011478.jpg,
Japan_011485.jpg,
Japan_011488.jpg,4 173 356 196 369 4 184 394 224 428 4 182 394 223 428 4 173 356 196 370 
Japan_011493.jpg,
Japan_011500.jpg,
Japan_011502.jpg,
Japan_011520.jpg,
Japan_011523.jpg,4 232 390 286 433 
Japan_011532.jpg,
Japan_011534.jpg,
Japan_011541.jpg,
Japan_011543.jpg,
Japan_011545.jpg,
Japan_011561.jpg,
Japan_011569.jpg,
Japan_011571.jpg,
Japan_011581.jpg,4 622 603 674 641 
Japan_011604.jpg,
Japan_011608.jpg,
Japan_011614.jpg,3 125 189 307 292 
Japan_011633.jpg,1 451 418 521 478 
Japan_011656.jpg,
Japan_011672.jpg,
Japan_011673.jpg,
Japan_011683.jpg,1 406 239 436 326 1 407 242 435 329 
Japan_011689.jpg,
Japan_011691.jpg,
Japan_011703.jpg,
Japan_011737.jpg,
Japan_011753.jpg,4 556 577 596 600 4 555 577 581 599 4 555 578 585 600 
Japan_011760.jpg,
Japan_011777.jpg,
Japan_011780.jpg,
Japan_011781.jpg,
Japan_011824.jpg,1 451 516 486 591 1 449 513 484 585 
Japan_011828.jpg,
Japan_011830.jpg,4 437 472 474 496 4 337 436 390 461 
Japan_011835.jpg,1 486 184 555 225 2 485 181 554 224 2 485 183 555 222 1 484 183 555 223 
Japan_011846.jpg,
Japan_011850.jpg,
Japan_011852.jpg,
Japan_011853.jpg,4 249 373 288 400 4 355 446 390 469 4 355 446 390 468 
Japan_011886.jpg,
Japan_011892.jpg,
Japan_011893.jpg,4 490 468 520 490 
Japan_011906.jpg,
Japan_011954.jpg,
Japan_011966.jpg,4 342 460 389 482 4 341 461 387 483 
Japan_011985.jpg,1 253 509 294 600 1 253 506 294 600 
Japan_011990.jpg,4 478 509 564 561 4 480 508 565 559 
Japan_011996.jpg,
Japan_012007.jpg,
Japan_012012.jpg,
Japan_012024.jpg,
Japan_012026.jpg,
Japan_012031.jpg,4 98 519 135 553 
Japan_012038.jpg,
Japan_012059.jpg,2 481 366 586 386 
Japan_012060.jpg,
Japan_012069.jpg,
Japan_012078.jpg,
Japan_012085.jpg,
Japan_012086.jpg,
Japan_012094.jpg,
Japan_012099.jpg,
Japan_012100.jpg,
Japan_012104.jpg,
Japan_012107.jpg,1 296 424 324 464 1 296 423 323 464 
Japan_012111.jpg,
Japan_012114.jpg,
Japan_012118.jpg,
Japan_012134.jpg,
Japan_012137.jpg,
Japan_012138.jpg,
Japan_012153.jpg,
Japan_012183.jpg,
Japan_012190.jpg,
Japan_012199.jpg,
Japan_012202.jpg,
Japan_012206.jpg,
Japan_012208.jpg,
Japan_012222.jpg,
Japan_012235.jpg,
Japan_012238.jpg,
Japan_012255.jpg,
Japan_012257.jpg,3 161 374 266 420 
Japan_012265.jpg,
Japan_012272.jpg,
Japan_012274.jpg,
Japan_012305.jpg,2 220 555 600 597 
Japan_012308.jpg,
Japan_012312.jpg,
Japan_012318.jpg,
Japan_012321.jpg,
Japan_012324.jpg,
Japan_012362.jpg,
Japan_012384.jpg,
Japan_012386.jpg,
Japan_012394.jpg,
Japan_012395.jpg,
Japan_012423.jpg,
Japan_012434.jpg,
Japan_012437.jpg,
Japan_012447.jpg,
Japan_012450.jpg,
Japan_012455.jpg,
Japan_012459.jpg,4 511 402 545 420 
Japan_012496.jpg,
Japan_012499.jpg,1 571 535 600 570 
Japan_012525.jpg,1 170 341 201 402 
Japan_012528.jpg,
Japan_012535.jpg,
Japan_012548.jpg,4 400 549 463 600 4 397 569 454 599 
Japan_012555.jpg,
Japan_012559.jpg,1 363 323 408 381 
Japan_012587.jpg,
Japan_012616.jpg,
Japan_012617.jpg,1 268 490 310 520 
Japan_012621.jpg,
Japan_012650.jpg,
Japan_012654.jpg,1 333 497 359 544 
Japan_012663.jpg,
Japan_012664.jpg,
Japan_012670.jpg,
Japan_012671.jpg,
Japan_012672.jpg,
Japan_012688.jpg,
Japan_012690.jpg,
Japan_012693.jpg,
Japan_012694.jpg,
Japan_012697.jpg,
Japan_012713.jpg,
Japan_012716.jpg,3 452 473 600 598 
Japan_012730.jpg,
Japan_012733.jpg,
Japan_012753.jpg,
Japan_012771.jpg,
Japan_012775.jpg,
Japan_012777.jpg,
Japan_012786.jpg,
Japan_012788.jpg,
Japan_012792.jpg,
Japan_012805.jpg,
Japan_012821.jpg,
Japan_012822.jpg,
Japan_012825.jpg,
Japan_012827.jpg,
Japan_012833.jpg,
Japan_012844.jpg,
Japan_012872.jpg,
Japan_012881.jpg,
Japan_012892.jpg,
Japan_012903.jpg,
Japan_012905.jpg,4 333 577 403 600 
Japan_012906.jpg,
Japan_012907.jpg,
Japan_012913.jpg,
Japan_012925.jpg,
Japan_012927.jpg,
Japan_012930.jpg,
Japan_012936.jpg,
Japan_012952.jpg,3 409 313 494 386 
Japan_012959.jpg,
Japan_012981.jpg,
Japan_013002.jpg,
Japan_013019.jpg,
Japan_013023.jpg,1 488 412 547 480 1 498 426 546 483 1 499 427 547 483 1 495 423 546 483 
Japan_013044.jpg,
Japan_013050.jpg,
Japan_013053.jpg,
Japan_013055.jpg,3 537 493 600 598 3 532 492 600 598 
Japan_013075.jpg,
Japan_013103.jpg,
Japan_013104.jpg,
Japan_013128.jpg,
Japan_013130.jpg,
